tenant_username,tenant_password
tester,Raqz3Ts0D2fN
tester,Raqz3Ts0D2fN
tester,Raqz3Ts0D2fN
tester,Raqz3Ts0D2fN
tester,Raqz3Ts0D2fN
tester,Raqz3Ts0D2fN
tester,Raqz3Ts0D2fN
tester,Raqz3Ts0D2fN
tester,Raqz3Ts0D2fN
tester,Raqz3Ts0D2fN
tester,Raqz3Ts0D2fN
tester,Raqz3Ts0D2fN
tester,Raqz3Ts0D2fN
tester,Raqz3Ts0D2fN
tester,Raqz3Ts0D2fN
tester,Raqz3Ts0D2fN
tester,Raqz3Ts0D2fN
tester,Raqz3Ts0D2fN
tester,Raqz3Ts0D2fN
tester,Raqz3Ts0D2fN
tester,Raqz3Ts0D2fN
tester,Raqz3Ts0D2fN
tester,Raqz3Ts0D2fN
tester,Raqz3Ts0D2fN
tester,Raqz3Ts0D2fN
tester,Raqz3Ts0D2fN
tester,Raqz3Ts0D2fN
tester,Raqz3Ts0D2fN
tester,Raqz3Ts0D2fN
tester,Raqz3Ts0D2fN
tester,Raqz3Ts0D2fN
tester,Raqz3Ts0D2fN
tester,Raqz3Ts0D2fN
tester,Raqz3Ts0D2fN
tester,Raqz3Ts0D2fN
tester,Raqz3Ts0D2fN
tester,Raqz3Ts0D2fN
tester,Raqz3Ts0D2fN
tester,Raqz3Ts0D2fN
tester,Raqz3Ts0D2fN
tester,Raqz3Ts0D2fN
tester,Raqz3Ts0D2fN
tester,Raqz3Ts0D2fN
tester,Raqz3Ts0D2fN
tester,Raqz3Ts0D2fN
tester,Raqz3Ts0D2fN
tester,Raqz3Ts0D2fN
tester,Raqz3Ts0D2fN
tester,Raqz3Ts0D2fN
tester,Raqz3Ts0D2fN
tester,Raqz3Ts0D2fN
tester,Raqz3Ts0D2fN
tester,Raqz3Ts0D2fN
tester,Raqz3Ts0D2fN
tester,Raqz3Ts0D2fN
tester,Raqz3Ts0D2fN
tester,Raqz3Ts0D2fN
tester,Raqz3Ts0D2fN
tester,Raqz3Ts0D2fN
tester,Raqz3Ts0D2fN
tester,Raqz3Ts0D2fN
tester,Raqz3Ts0D2fN
tester,Raqz3Ts0D2fN
tester,Raqz3Ts0D2fN
tester,Raqz3Ts0D2fN
tester,Raqz3Ts0D2fN
tester,Raqz3Ts0D2fN
tester,Raqz3Ts0D2fN
tester,Raqz3Ts0D2fN
tester,Raqz3Ts0D2fN
tester,Raqz3Ts0D2fN
tester,Raqz3Ts0D2fN
tester,Raqz3Ts0D2fN
tester,Raqz3Ts0D2fN
tester,Raqz3Ts0D2fN
tester,Raqz3Ts0D2fN
tester,Raqz3Ts0D2fN
tester,Raqz3Ts0D2fN
tester,Raqz3Ts0D2fN
tester,Raqz3Ts0D2fN
tester,Raqz3Ts0D2fN
tester,Raqz3Ts0D2fN
